ID,Name,Email,Phone,Created At
1,Casey Smith,casey.smith620@example.com,555-583-7443,2026-08-17 01:39:17
2,Logan Rodriguez,logan.rodriguez913@example.com,555-192-5622,2026-08-17 01:39:17
3,Peyton Smith,peyton.smith280@example.com,555-406-1341,2026-08-17 01:39:17
4,Chris Garcia,chris.garcia988@example.com,555-500-3276,2026-08-17 01:39:17
5,Avery Martinez,avery.martinez881@example.com,555-735-5719,2026-08-17 01:39:17
6,Riley Garcia,riley.garcia915@example.com,555-328-7985,2026-08-17 01:39:17
7,Logan Williams,logan.williams977@example.com,555-957-1951,2026-08-17 01:39:17
8,Avery Davis,avery.davis310@example.com,555-559-5508,2026-08-17 01:39:17
9,Quinn Rodriguez,quinn.rodriguez851@example.com,555-886-4997,2026-08-17 01:39:17
10,Peyton Rodriguez,peyton.rodriguez843@example.com,555-189-9077,2026-08-17 01:39:17
11,Sam Jones,sam.jones783@example.com,555-319-3462,2026-08-17 01:39:17
12,Quinn Martinez,quinn.martinez498@example.com,555-898-3816,2026-08-17 01:39:17
13,Peyton Brown,peyton.brown684@example.com,555-127-2086,2026-08-17 01:39:17
14,Chris Martinez,chris.martinez572@example.com,555-329-2120,2026-08-17 01:39:17
15,Avery Rodriguez,avery.rodriguez960@example.com,555-291-6122,2026-08-17 01:39:17
16,Hayden Smith,hayden.smith780@example.com,555-193-4037,2026-08-17 01:39:17
17,Pat Brown,pat.brown388@example.com,555-536-9346,2026-08-17 01:39:17
18,Morgan Garcia,morgan.garcia784@example.com,555-450-8342,2026-08-17 01:39:17
19,Taylor Davis,taylor.davis191@example.com,555-767-6653,2026-08-17 01:39:17
20,Riley Williams,riley.williams404@example.com,555-209-9699,2026-08-17 01:39:17
